Merit Badge,Number,Requirement
Eagle Quest,,
"Auto Maintenance and
Traffic Safety",None,
Citizenship in the Community,3a,"Attend an in-person meeting of your city, town, or county council or school board, local court session; OR another state or local governmental meeting approved in advance by your counselor."
Citizenship in the Community,4b,"Choose an issue that is important to the citizens of your community; then do the following:
(b) With your counselor's and a parent or guardian's approval, interview one person from the branch of government you identified in requirement 4a. Ask what is being done about this issue and how young people can help."
Citizenship in the Community,5,"With the approval of your counselor and a parent or guardian, watch a movie that shows how the actions of one individual or group of individuals can have a positive effect on a community. Discuss with your counselor what you learned from the movie about what it means to be a valuable and concerned member of the community."
Citizenship in the Community,7c,"With your counselor's and your parent or guardian's approval, contact the organization you chose for requirement 7b, and find out what young people can do to help. While working on this merit badge, volunteer at least eight hours of your time for the organization. After your volunteer experience is over, discuss what you have learned with your counselor."
Citizenship in the Nation,5,"Watch the national evening news for five days in a row or read the main stories in a national media organization (e.g., a newspaper or news website) for five days in a row. Discuss the national issues that you learned about with your counselor. Choose one issue and explain how it affects you, your family, and community."
Communications,8,"Plan a troop or crew court of honor, campfire program, or an interfaith worship service. Have the patrol leaders' council approve it, then write the script and prepare the program. Serve as master of ceremonies.
* May be done if Scout leads the camp campfire"
Personal Management,1b2,"(b) Write a plan that tells how your family would save money for the purchase identified in requirement 1(a).
(1) Discuss the plan with your counselor.
(2) Discuss the plan with your family.
+ May be done if family is at camp"
Personal Management,2c,"Track and record your actual income, expenses, and savings for 13 consecutive weeks (the same 13-week period for which you budgeted). (You may use the forms provided in this pamphlet, devise your own, or use a computer-generated version.) When complete, present the records showing the results to your counselor."
Personal Management,"8a, 8b, 8c","Demonstrate to your counselor your understanding of time management by doing the following:
(a) Write a ""to do"" list of tasks or activities, such as homework assignments, chores, and personal projects, that must be done in the coming week. List these in order of importance to you.
(b) Make a seven-day calendar or schedule. Put in your set activities, such as school classes, sports practices or games, jobs or chores, and/or Scout or place of worship or club meetings, then plan when you will do all the tasks from your ""to do"" list between your set activities.
(c) Follow the one-week schedule you planned. Keep a daily diary or journal during each of the seven days of this week's activities, writing down when you completed each of the tasks on your ""to do"" list compared to when you scheduled them."
Ecology,,
Environmental Science,None,
Fish & Wildlife,7,"Do ONE of the following:
(a) Determine the age of five species of fish from scale samples or identify various age classes of one species in a lake and report the results.
(b) Conduct a creel census on a small lake to estimate catch per unit effort and report the results to your counselor.
(c) Examine the stomach contents of three fish and record the findings. It is not necessary to catch any fish for this option.
(d) Make a freshwater aquarium. Include at least four species of native plants and four species of animal life, such as whirligig beetles, freshwater shrimp, tadpoles, water snails, and golden shiners. After 60 days of observation, discuss with your counselor the life cycles, food chains, and management needs you have recognized. Before completing this requirement, check local laws on releasing these organisms back into the wild, and follow your counselor's direction in disposing of these organisms humanly and safely."
Forestry,None,
Mammal Study,None,
Nature,None,
Oceanography,None,
Reptile & Amphibian,8,"Do ONE of the following:
  (a) Take custody of one or more reptiles or amphibians in a manner approved by your counselor. Maintain one or more reptiles or amphibians for at least a month. Record food accepted, eating methods, changes in coloration, shedding of skins, and general habits; or keep the eggs of a reptile from the time of laying until hatching; or keep the eggs of an amphibian from the time of laying until their transformation into tadpoles (frogs) or larvae (salamanders). Whichever you chose, keep records of and report to your counselor how you cared for your animal/eggs/larvae to include lighting, habitat, temperature and humidity maintenance and any veterinary care requirements. Unless you are the long-term owner, at the conclusion of this study, turn the animal(s) over to another responsible party approved by your counselor.
  (b) Choose a reptile or amphibian that you can observe or foster at a local zoo, aquarium, nature center, local rescue, or other such exhibit (such as your classroom or school). Study the specimen weekly for a periods of three months. At each visit, sketch the specimen in its captive habitat and note any changes in its coloration, shedding of skins, and general habits and behavior. Discuss with your counselor how the animal you observed was cared for to include its housing and habitat, how the lighting, temperature, and humidity were maintained, and any veterinary care requirements. Find out, either from information you locate on your own or by talking to the caretaker, what this species eats and what are its native habitat and home range, preferred climate, average life expectancy, and natural predators. Also identify any human-caused threats to its population and any laws that protect the species and its habitat. After the observation period, share what you have learned with your counselor."
Soil & Water Conservation,None,
Sustainability,None,
Weather,None,
Range and Target,,
Archery,None,
Rifle Shooting,None,
Handicraft,,
Art,None,
Basketry,Totin Chip,
Indian Lore,Totin Chip,
Leatherwork,Totin Chip,
Woodcarving,Totin Chip,
Outdoor Skills,,
Cooking,2c,"Track your daily level of activity and your daily caloric need based on your activity for five days. Then, based on the MyPlate food guide, discuss with your counselor an appropriate meal plan for yourself for one day."
Cooking,"4a, b, c-g","Cooking at Home
(a) Using the MyPlate food guide or the current USDA nutrition model, plan menus for three full days of meals (three breakfasts, three lunches, and three dinners) plus one dessert. Your menus should include enough to feed yourself and at least one adult, keeping in mind any special needs (such as food allergies) and how you keep your foods safe and free from cross-contamination. List the equipment and utensils needed to prepare and serve these meals.
(b) Find recipes for each meal. Create a shopping list for your meals showing the amount of food needed to prepare for the number of people you will serve. Determine the cost for each meal.
(d) Using at least five of the 10 cooking methods from requirement 3, prepare and serve yourself and at least one adult (parent, family member, guardian, or other responsible adult) one breakfast, one lunch, one dinner, and one dessert from the meals you planned. The meals for requirement 4 may be prepared on different days, and they need not be prepared consecutively. Those served need not be the same for all meals.
(e) Time your cooking to have each meal ready to serve at the proper time. Have an adult verify the preparation of the meal to your counselor.
(f) After each meal, ask a person you served to evaluate the meal on presentation and taste, then evaluate your own meal. Discuss what you learned with your counselor, including any adjustments that could have improved or enhanced your meals. Tell how planning and preparation help ensure a successful meal."
Cooking,"5a, b, d-g","Cooking at Camp
(a) Using the MyPlate food guide or the current USDA nutrition model, plan a menu that includes four meals, one snack, and one dessert for your patrol (or a similar size group of up to eight youth, including you) on a camping trip. These four meals must include two breakfasts, one lunch, and one dinner. Additionally, you must plan one snack and one dessert. Your menus should include enough food for each person, keeping in mind any special needs (such as food allergies) and how you keep your foods safe and free from cross-contamination. List the equipment and utensils needed to prepare and serve these meals.
(b) Find or create recipes for the four meals, the snack, and the dessert you have planned. Adjust menu items in the recipes for the number to be served. Create a shopping list and budget to determine the per-person cost.
(d) In the outdoors, using your menu plans and recipes for this requirement, cook two of the four meals you planned using either a camp stove OR backpacking stove. Use a skillet OR a Dutch oven over campfire coals for the third meal, and cook the fourth meal in a foil pack OR on a skewer. Serve all of these meals to your patrol or a group of youth.
(e) In the outdoors, using your menu plans and recipes for this requirement, prepare one snack and one dessert. Serve both of these to your patrol or a group of youth.**
(f) After each meal, have those you served evaluate the meal on presentation and taste, and then evaluate your own meal. Discuss what you learned with your counselor, including any adjustments that could have improved or enhanced your meals. Tell how planning and preparation help ensure successful outdoor cooking.
(g) Lead the clean-up of equipment, utensils, and the cooking site thoroughly after each meal. Properly store or dispose unused ingredients, leftover food, dishwater and garbage."
Cooking,"6a, b, d, e","Trail and Backpacking Meals
(a) Using the MyPlate food guide or the current USDA nutrition model, plan a day of meals for trail hiking or backpacking that includes one breakfast, one lunch, one dinner, and one snack. These meals must consider weight, not require refrigeration and are to be consumed by three to five people (including you). List the equipment and utensils needed to prepare and serve these meals.
(b) Create a shopping list for your meals, showing the amount of food needed to prepare and serve each meal, and the cost for each meal.
(d) While on a trail hike or backpacking trip, prepare and serve two meals and a snack from the menu planned for this requirement. At least one of those meals must be cooked over a fire, or an approved trail stove (with proper supervision).
(e) After each meal, have those you served evaluate the meal on presentation and taste, then evaluate your own meal. Discuss what you learned with your counselor, including any adjustments that could have improved or enhanced your meals. Tell how planning and preparation help ensure successful trail hiking or backpacking meals."
Cooking,7a,"Identify three career opportunities that would use skills and knowledge in cooking. Pick one and research the training, education, certification requirements, experience, and expenses associated with entering the field. Research the prospects for employment, starting salary, advancement opportunities and career goals associated with this career. Discuss what you learned with your counselor and whether you might be interested in this career."
Emergency Preparedness,,
First Aid,,
Golf (Disc),,
Orienteering,,
Pioneering,,
Search and Rescue,,
Wilderness Survival,6,"Using three different methods (other than matches), build and light three fires.
* Will be done at camp if the Fire Danger Rating allows"
"TFC Scout, TF",None,
TFC 2nd Class,None,
TFC 1st Class,None,
STEM,,
Animation,None,
Chess,None,
Digital Technology,None,
Electricity,2,"Complete an electrical home safety inspection of your home, using the checklist found in this pamphlet or one approved by your counselor. Discuss what you find with your counselor.
* If not complete at home, a 1hr makup session off-schedule will complete"
Electricity,7,"Make a floor plan wiring diagram of the lights, switches, and outlets for a room in your home. Show which fuse or circuit breaker protects each one.
* If not complete at home, a 1hr makup session off-schedule will complete"
Electricity,11,"Identify three career opportunities that would use skills and knowledge in electricity. Pick one and research the training, education, certification requirements, experience, and expenses associated with entering the field. Research the prospects for employment, starting salary, advancement opportunities and career goals associated with this career. Discuss what you learned with your counselor and whether you might be interested in this career.
* If not complete at home, a 1hr makup session off-schedule will complete"
Engineering,1,"Select a manufactured item in your home (such as a toy or an appliance) and, under adult supervision and with the approval of your counselor, investigate how and why it works as it does. Find out what sort of engineering activities were needed to create it. Discuss with your counselor what you learned and how you got the information.
* If not complete at home, a 1hr makup session off-schedule will complete"
Engineering,2,"Select an engineering achievement that has had a major impact on society. Using resources such as the internet (with your parent or guardian's permission), books, and magazines, find out about the engineers who made this engineering feat possible, the special obstacles they had to overcome, and how this achievement has influenced the world today. Tell your counselor what you learned.
* If not complete at home, a the Scout must work with their Scout Master to complete this research at camp"
Engineering,9,"Find out about three career opportunities in engineering. Pick one and research the education, training, and experience required for this profession. Discuss this with your counselor, and explain why this profession might interest you.
* If not complete at home, a 1hr makup session off-schedule will complete"
Game Design,8,"Do ONE of the following:
(a) With your parent or guardian's permission and your counselor's approval, visit with a professional in the game development industry and ask them about their job and how it fits into the overall development process.
(b) Meet with a professional in game development education and discuss the skills they emphasize in the classroom."
Plumbing,7*,"Identify three career opportunities that would use skills and knowledge in plumbing. Pick one and research the training, education, certification requirements, experience, and expenses associated with entering the field. Research the prospects for employment, starting salary, advancement opportunities and career goals associated with this career. Discuss what you learned with your counselor and whether you might be interested in this career."
Programming,None,
Other,,
Bugling,6,Serve as bugler in your troop for three months
Scouting Heritage,5,"Learn about the history of your unit or Scouting in your area. Interview at least two people (one from the past and one from the present) associated with your troop. These individuals could be adult unit leaders, Scouts, troop committee members, or representatives of your troop's chartered organization. Find out when your unit was originally chartered. Create a report of your findings on the history of your troop, and present it to your patrol or troop or at a court of honor, and then add it to the troop's library. This presentation could be in the form of an oral/written report, an exhibit, a scrapbook, or a computer presentation such as a slide show."
Scouting Heritage,6,"Make a collection of some of your personal patches and other Scouting memorabilia. With their permission, you may include items borrowed from family members or friends who have been in Scouting in the past, or you may include photographs of these items. Show this collection to your counselor, and share what you have learned about items in the collection. (There is no requirement regarding how large or small this collection must be.)"
,,
,,
Potential MBs,,