,,,Session Available,,,,,,,,,
Merit Badge,Req year,Prereqs,1,2,3,4,5,6,Cost,Other information,Max Scouts,Counselor of Record
Nature,,,,,,,,,,,,
Environmental Science,2025,None,,,,,x,,,Recommend Scout age is 13+,8,Andrew Rasmussen
Forestry,2026,None,,x,,,,,,,8,Andrew Rasmussen
Mammal Study,2026,None,,,,,x,,,,8,Andrew Rasmussen
Nature,2025,None,,,,x,,,,,8,Andrew Rasmussen
Oceanography,2026,None,,,,,,x,,,8,Andrew Rasmussen
Reptile & Amphibian,2025,8,,x,,,,,,,8,Andrew Rasmussen
"Soil & Water Conservation and
Fish & Wildlife","2019
2025",F&W 7,,,x,,,,,,8,Andrew Rasmussen
Sustainability,2024,None,x,,,,,,,,8,Andrew Rasmussen
Weather,2026,None,,,x,,,,,,8,Andrew Rasmussen
Range and Target,,,,,,,,,,,,
Archery,2025,1e*,1,2,3,1,2,3,,,5,Brian Rome
Rifle Shooting,2025,"1g*, 1i*, 3*",1,2,3,1,2,3,,,8,Brian Rome
Handicraft,,,,,,,,,,,,
Art,2019,None,,,x,,,,$10 ,Cost for supplies at Trading Post,8,Jack Erickson
Basketry,2020,Totin' Chip,,x,,,,,$25 ,Cost for supplies at Trading Post,8,Jack Erickson
Leatherwork,2022,"5*, Totin' Chip",x,,,,,,$10 ,Cost for supplies at Trading Post,8,Jack Erickson
Metalwork,2025,None,,,,Double,,,,,6,TBD
Sculpting,2024,Totin' Chip,,,x,,,,$20 ,Cost for supplies at Trading Post,8,Jack Erickson
Wood Carving,2022,Totin' Chip,,x,,,,,$10 ,Cost for supplies at Trading Post,8,Jack Erickson
Outdoor Skills,,,,,,,,,,,,
Camping,2024,"4b, 7b, 8d, 9a, 9b, 9c",,,,,,x,,,8,Jim Tarleton
Cooking,2025,"2c, 4d-g, 5d-g, 6d, 6e, 7a*",,,,,x,,,,8,Jim Tarleton
Emergency Preparedness,2026,None,,,,x,,,,Required age 13+ or Star Scout,8,Dan Ferguson
First Aid,2025,None,Double,,,,,,,Required age 13+,6,Dan Ferguson
Geocaching,2020,None,,,,x,,,,,8,Jim Tarleton
Golf (Disc),2024,None,,,,x,,,,,8,Jim Tarleton
Orienteering,2022,None,x,,,,,,,,8,Jim Tarleton
Pioneering,2022,None,,x,,,,,,,8,Jim Tarleton
Search and Rescue,2026,None,,,,,x,,,,8,Dan Ferguson
Wilderness Survival,2026,6*,,,,,,x,,Req 6 may be limited due to fire restrictions,8,Dan Ferguson
Wildland Fire Management,2027,"14*, 16*",,,x,,,,,,8,Jim Tarleton
"TFC Scout, TF",2024,None,,,,x,,,,,8,Staff
TFC 2nd Class,2024,None,,,,,x,,,,8,Staff
TFC 1st Class,2024,None,,,,,,x,,,8,Staff
STEM / Trades,,,,,,,,,,,,
Animation,2022,None,,,x,,,,,Requires Computers,5,Paris Garcia
Chess,2026,None,,,,,,x,,,8,Paris Garcia
Digital Technology,2026,None,,x,,,,,,Requires Computers,5,Paris Garcia
Electricity,2025,"2*, 7*, 11*",,,,,,x,,,8,Mike Jones
Engineering,2026,"1*, 2*, 9*",,x,,,,,,,8,Mike Jones
Game Design,2023,None,,,x,,,,,,8,Mike Jones
Graphic Arts,2026,None,x,,,,,,,Requires Computers,5,John Longhofer
Photography,2024,8*,,,,x,,,,,8,Mike Jones
Plumbing,2025,7*,,,,,x,,,,8,Mike Jones
Programming,2026,None,,,,Double,,,,Requires Computers,5,Paris Garcia
Textiles,2019,None,,,,,,x,$5 ,Cost for supplies at Trading Post,8,John Longhofer
Welding,2022,None,,x,,,,,,30 amp service,6,John Longhofer
Note: any MBs in bold will,,* Means that these research items can be done at camp outside the Merit Badge Class,,,,,,,,,,
be held on Wednesday (5 day),,,,,,,,,,,,